"","X","geo_id1","geo_id2","state","less_than_9th","X9th_to_12th","hs_grad","some_col","associates","bachelors","graduate","at_least_hs_grad","at_least_bachelors","poverty_less_than_hs_grad","poverty_hs_grad","poverty_some_college_assoc","poverty_at_least_bachelors","Abbreviation","year"
"1",1,"0400000US01",1,"Alabama",6.4,12.7,31.8,20.7,6.7,13.7,7.8,80.8,21.5,28,13.9,9.1,3.3,"AL",2009
"2",2,"0400000US02",2,"Alaska",3.5,5.8,28.5,27.8,7.9,17.1,9.5,90.7,26.5,16.3,11.1,5.8,2.6,"AK",2009
"3",3,"0400000US04",4,"Arizona",7.2,8.9,25.6,24.8,7.8,16.4,9.3,83.9,25.7,25.1,12.7,8.4,4.2,"AZ",2009
"4",4,"0400000US05",5,"Arkansas",7.2,11.4,35.4,21.4,5.6,12.6,6.3,81.3,18.9,27.3,14,10.7,3.8,"AR",2009
"5",5,"0400000US06",6,"California",10.4,9.1,21.9,21.2,7.6,19.1,10.7,80.5,29.7,21.3,11.9,7.8,4.2,"CA",2009
"6",6,"0400000US08",8,"Colorado",4.5,6.7,23.7,22.1,7.6,22.9,12.6,88.9,35.5,24.6,10.8,7.8,3.6,"CO",2009
"7",7,"0400000US09",9,"Connecticut",4.7,7.1,28.8,17.1,7.3,19.9,15.2,88.2,35.1,20.2,8.1,5.7,2.6,"CT",2009
"8",8,"0400000US10",10,"Delaware",4.3,9.1,32.2,19.4,7.3,16.6,10.9,86.5,27.5,19.5,9.4,5.7,2.8,"DE",2009
"9",9,"0400000US11",11,"District of Columbia",5.6,8.9,20.7,14.4,3.2,20.8,26.4,85.5,47.1,32,21.5,14.6,4.7,"DC",2009
"10",10,"0400000US12",12,"Florida",5.7,9.4,30.5,20.4,8.4,16.6,9,84.9,25.6,23.1,12,7.9,4.5,"FL",2009
"11",11,"0400000US13",13,"Georgia",6.2,10.8,29.7,19.7,6.4,17.5,9.6,82.9,27.1,27.2,13.1,8.2,3.5,"GA",2009
"12",12,"0400000US15",15,"Hawaii",5,5.6,29.3,21.2,9.8,19.5,9.7,89.5,29.2,15.9,9.3,7.1,4.4,"HI",2009
"13",13,"0400000US16",16,"Idaho",4.5,7.8,29.3,26.3,8.4,16.4,7.4,87.7,23.7,21.9,11.4,8.6,4.1,"ID",2009
"14",14,"0400000US17",17,"Illinois",6.3,8,28.1,20.6,7.2,18.6,11.2,85.7,29.8,22,11,7.8,3.6,"IL",2009
"15",15,"0400000US18",18,"Indiana",4.4,9.8,36.5,20.1,7.2,14,7.9,85.7,21.9,22.3,10,7.7,3.2,"IN",2009
"16",16,"0400000US19",19,"Iowa",4.1,6.3,34.9,21.1,9.5,16.8,7.4,89.6,24.2,20.3,8.7,6.9,2.9,"IA",2009
"17",17,"0400000US20",20,"Kansas",4.2,6.8,29.5,23.5,7.2,19,9.8,89,28.8,22.8,10.3,7.3,3,"KS",2009
"18",18,"0400000US21",21,"Kentucky",8.5,11.2,34.5,19.2,6.5,11.9,8.1,80.3,20,30.5,13.9,9.6,3.4,"KY",2009
"19",19,"0400000US22",22,"Louisiana",7.1,12.4,34.9,20.3,4.6,13.8,6.8,80.5,20.6,29.3,14.4,9.7,3.8,"LA",2009
"20",20,"0400000US23",23,"Maine",4,6.7,35.5,18.8,8.9,17.1,9,89.4,26.1,25,11.7,8.4,3.8,"ME",2009
"21",21,"0400000US24",24,"Maryland",4.3,8.2,26.8,19.3,6.3,19.6,15.6,87.5,35.2,18.2,8.3,5.2,2.4,"MD",2009
"22",22,"0400000US25",25,"Massachusetts",4.9,6.7,27.2,15.8,7.6,21.7,16.1,88.4,37.8,22.2,10.2,7.1,3.7,"MA",2009
"23",23,"0400000US26",26,"Michigan",3.7,8.9,31.8,23.1,8,15.2,9.3,87.4,24.5,25.1,12.7,9.1,3.5,"MI",2009
"24",24,"0400000US27",27,"Minnesota",3.6,5.2,28.1,22.3,9.5,21.2,10,91.1,31.2,22.3,9.4,6.2,2.8,"MN",2009
"25",25,"0400000US28",28,"Mississippi",7.5,13.6,31.2,21.2,7.5,12.4,6.7,78.9,19.1,32.9,17.2,11.6,4.3,"MS",2009
"26",26,"0400000US29",29,"Missouri",4.9,9.5,33,21.6,6.4,15.6,9,85.6,24.6,24.4,11.5,8.4,3.4,"MO",2009
"27",27,"0400000US30",30,"Montana",3.2,6.4,31.9,23.8,7.6,18.7,8.3,90.4,27,23.3,12.1,10.5,5.2,"MT",2009
"28",28,"0400000US31",31,"Nebraska",4.3,6.1,30.3,23.4,8.9,18.5,8.5,89.7,27.1,20.7,9.6,7.7,3.3,"NE",2009
"29",29,"0400000US32",32,"Nevada",6.5,9.8,29.9,25.1,7.3,14.3,7.2,83.7,21.5,17.1,9.2,6.9,4.3,"NV",2009
"30",30,"0400000US33",33,"New Hampshire",3,6.5,30.2,18.7,9.2,20.9,11.6,90.5,32.4,16.4,7.3,5.7,2.7,"NH",2009
"31",31,"0400000US34",34,"New Jersey",5.6,7.6,29.9,16.6,6.2,21.5,12.7,86.8,34.1,18.6,8.6,5.7,2.7,"NJ",2009
"32",32,"0400000US35",35,"New Mexico",8,9.9,27.4,22.5,7.1,14.5,10.6,82.1,25.1,30.9,15.2,10.6,4.8,"NM",2009
"33",33,"0400000US36",36,"New York",7,8.8,28.6,15.6,8.1,18.2,13.6,84.2,31.8,26,12.4,8.7,4.5,"NY",2009
"34",34,"0400000US37",37,"North Carolina",6.3,10.7,28.6,20.4,8.2,17.3,8.5,83,25.8,26.4,13,8.9,3.3,"NC",2009
"35",35,"0400000US38",38,"North Dakota",6,5.2,28.5,22.9,11.8,19.1,6.5,88.7,25.6,21.5,10,7,3.3,"ND",2009
"36",36,"0400000US39",39,"Ohio",3.5,9.7,36.3,19.8,7.1,15,8.6,86.8,23.6,24.2,11.2,8.7,3.5,"OH",2009
"37",37,"0400000US40",40,"Oklahoma",5,10.2,32.7,23,6.7,15.1,7.3,84.8,22.4,26.1,14,9.9,3.9,"OK",2009
"38",38,"0400000US41",41,"Oregon",4.3,7.5,26,26.1,8,18.1,10.2,88.3,28.3,22.5,12.4,9.8,5,"OR",2009
"39",39,"0400000US42",42,"Pennsylvania",4.1,9.1,38.1,15.6,7.2,16.1,9.9,86.9,26,21.9,10.3,7.4,3.4,"PA",2009
"40",40,"0400000US44",44,"Rhode Island",7,9.6,28.7,17.2,7.7,18.2,11.5,83.4,29.8,21.5,9.8,6.6,3.3,"RI",2009
"41",41,"0400000US45",45,"South Carolina",6.2,11.6,31.5,19.1,8.2,15.3,8.2,82.2,23.5,27.8,13.7,8.3,3.6,"SC",2009
"42",42,"0400000US46",46,"South Dakota",5.1,6.1,33.3,21.6,9.4,17.6,7,88.8,24.6,26,11,8.6,3.3,"SD",2009
"43",43,"0400000US47",47,"Tennessee",7.1,11.1,33.5,20.1,5.8,14.6,7.8,81.8,22.4,28.1,13.4,8.8,3.4,"TN",2009
"44",44,"0400000US48",48,"Texas",10.3,10.4,26.2,21.5,6.2,17,8.3,79.3,25.4,27.6,13.4,8.5,3.8,"TX",2009
"45",45,"0400000US49",49,"Utah",3.1,6.5,25.4,27,9.2,19.5,9.3,90.4,28.7,18.7,9.1,6.5,3.7,"UT",2009
"46",46,"0400000US50",50,"Vermont",3.5,6.3,32.3,16.5,8.4,20.1,12.8,90.1,32.9,22.2,9.5,7.6,3.9,"VT",2009
"47",47,"0400000US51",51,"Virginia",5.5,8.7,26.3,19.4,6.6,19.8,13.6,85.8,33.4,21.1,9.3,5.8,2.5,"VA",2009
"48",48,"0400000US53",53,"Washington",4,6.6,24.6,24.7,9.3,19.9,10.9,89.4,30.8,22.7,11.1,8.3,3.8,"WA",2009
"49",49,"0400000US54",54,"West Virginia",6.9,11.5,41.4,17.3,5.7,10.4,6.7,81.6,17.1,27.9,13.6,10.4,4.1,"WV",2009
"50",50,"0400000US55",55,"Wisconsin",3.8,7.2,34.3,20.5,8.8,17,8.4,89,25.5,20.5,8.9,6.6,3,"WI",2009
"51",51,"0400000US56",56,"Wyoming",2.7,6.3,31.9,26.6,9.3,15.6,7.7,91.1,23.2,17.2,7.7,6.3,2.8,"WY",2009
"52",52,"0400000US01",1,"Alabama",6.3,12.3,31.8,21,6.9,13.8,7.9,81.4,21.7,28.5,14.1,9.7,3.5,"AL",2010
"53",53,"0400000US02",2,"Alaska",3.5,5.8,27.4,28.3,8,17.4,9.6,90.7,27,16.8,10.3,5.8,2.6,"AK",2010
"54",54,"0400000US04",4,"Arizona",6.6,8.4,25.1,25.5,8,16.7,9.6,85,26.3,26.7,13.3,8.8,4.2,"AZ",2010
"55",55,"0400000US05",5,"Arkansas",6.9,11.2,35.3,21.6,5.8,12.8,6.4,81.9,19.1,27.3,14.2,10.9,3.6,"AR",2010
"56",56,"0400000US06",6,"California",10.4,8.9,21.5,21.5,7.7,19.2,10.8,80.7,30.1,22.2,12.5,8.2,4.3,"CA",2010
"57",57,"0400000US08",8,"Colorado",4.4,6.3,23.3,22.3,7.7,23,12.9,89.3,35.9,25.2,11.2,8.1,3.9,"CO",2010
"58",58,"0400000US09",9,"Connecticut",4.7,7,28.6,17.3,7.3,19.9,15.3,88.4,35.2,20.6,8.6,6.1,2.7,"CT",2010
"59",59,"0400000US10",10,"Delaware",4.2,8.7,32.2,19.8,7.4,16.6,11.1,87,27.7,19.9,9.4,6.1,3,"DE",2010
"60",60,"0400000US11",11,"District of Columbia",5,8.5,19.9,14.2,3.1,22,27.2,86.5,49.2,31.9,22.2,14.6,5.1,"DC",2010
"61",61,"0400000US12",12,"Florida",5.7,9,30.3,20.6,8.5,16.8,9.1,85.3,25.9,24.1,12.7,8.6,4.8,"FL",2010
"62",62,"0400000US13",13,"Georgia",6.1,10.4,29.6,20.1,6.6,17.5,9.7,83.5,27.2,28.2,13.8,8.8,3.7,"GA",2010
"63",63,"0400000US15",15,"Hawaii",4.9,5.4,29,21.6,9.8,19.7,9.8,89.8,29.4,16,9.2,7.3,4.4,"HI",2010
"64",64,"0400000US16",16,"Idaho",4.4,7.5,28.8,26.6,8.5,16.7,7.6,88.2,24.3,22.1,11.7,8.9,4.4,"ID",2010
"65",65,"0400000US17",17,"Illinois",6,7.8,27.9,20.8,7.3,18.9,11.4,86.2,30.3,22.4,11.1,8.1,3.7,"IL",2010
"66",66,"0400000US18",18,"Indiana",4.3,9.5,36.2,20.3,7.3,14.3,8.1,86.2,22.4,22.7,10.4,8.1,3.3,"IN",2010
"67",67,"0400000US19",19,"Iowa",4,6.1,34.4,21.4,9.7,17,7.5,89.9,24.5,20.6,9,7.5,3,"IA",2010
"68",68,"0400000US20",20,"Kansas",4.2,6.6,28.9,23.7,7.3,19.3,10.1,89.2,29.3,23.4,10.7,7.7,3.1,"KS",2010
"69",69,"0400000US21",21,"Kentucky",8.2,10.8,34.4,19.6,6.6,12.1,8.2,81,20.3,31,14,10.1,3.6,"KY",2010
"70",70,"0400000US22",22,"Louisiana",6.9,12.2,34.8,20.5,4.8,14,6.9,81,20.9,28.5,14.3,10,4.1,"LA",2010
"71",71,"0400000US23",23,"Maine",3.8,6.4,35.2,19.2,8.9,17.2,9.4,89.8,26.5,25.1,11.9,8.4,3.7,"ME",2010
"72",72,"0400000US24",24,"Maryland",4.4,7.8,26.4,19.3,6.3,19.8,16,87.8,35.7,18.4,8.7,5.5,2.5,"MD",2010
"73",73,"0400000US25",25,"Massachusetts",4.9,6.4,26.7,16,7.6,21.9,16.4,88.7,38.3,23.3,10.3,7.4,3.6,"MA",2010
"74",74,"0400000US26",26,"Michigan",3.5,8.4,31.5,23.4,8.1,15.5,9.6,88,25,25.8,13.1,9.7,3.8,"MI",2010
"75",75,"0400000US27",27,"Minnesota",3.6,5.1,27.8,22.4,9.7,21.3,10.1,91.3,31.4,23.7,9.9,6.7,2.8,"MN",2010
"76",76,"0400000US28",28,"Mississippi",7.2,13.2,30.9,21.7,7.6,12.6,6.8,79.6,19.5,32.4,17.1,11.9,4.5,"MS",2010
"77",77,"0400000US29",29,"Missouri",4.7,9.2,32.6,22,6.6,15.8,9.2,86.2,25,25.2,11.7,8.7,3.6,"MO",2010
"78",78,"0400000US30",30,"Montana",3,6.1,31.2,24,7.9,19.2,8.6,91,27.9,23.7,12.4,10.4,5.2,"MT",2010
"79",79,"0400000US31",31,"Nebraska",4.1,5.9,29.6,23.7,9,18.9,8.8,90,27.7,21.6,9.9,7.7,3.1,"NE",2010
"80",80,"0400000US32",32,"Nevada",6.3,9.4,29.7,25.5,7.3,14.4,7.4,84.3,21.8,18.1,9.7,7.5,4.4,"NV",2010
"81",81,"0400000US33",33,"New Hampshire",2.9,6.2,29.7,18.8,9.5,21,11.9,90.9,32.9,16.3,7.8,5.9,2.6,"NH",2010
"82",82,"0400000US34",34,"New Jersey",5.5,7.2,29.8,16.7,6.2,21.6,13,87.3,34.6,18.9,8.8,5.9,2.8,"NJ",2010
"83",83,"0400000US35",35,"New Mexico",7.8,9.5,27,23.1,7.2,14.6,10.8,82.7,25.5,31.3,15.6,11.2,4.9,"NM",2010
"84",84,"0400000US36",36,"New York",7,8.6,28.2,15.9,8.2,18.3,13.8,84.4,32.1,26.6,12.7,9,4.6,"NY",2010
"85",85,"0400000US37",37,"North Carolina",6.1,10.3,28.2,20.9,8.3,17.4,8.7,83.6,26.1,27.5,13.4,9.3,3.4,"NC",2010
"86",86,"0400000US38",38,"North Dakota",5.6,5,28.1,23.1,11.9,19.4,6.9,89.4,26.3,22,10.2,7.6,3.7,"ND",2010
"87",87,"0400000US39",39,"Ohio",3.4,9.2,35.8,20.1,7.3,15.3,8.8,87.4,24.1,24.7,11.5,9.3,3.6,"OH",2010
"88",88,"0400000US40",40,"Oklahoma",4.8,9.8,32.6,23.5,6.7,15.2,7.4,85.4,22.6,25.8,14.2,9.8,4,"OK",2010
"89",89,"0400000US41",41,"Oregon",4.3,7.2,25.6,26.3,8.1,18.3,10.4,88.6,28.6,23.2,12.7,10.2,5.1,"OR",2010
"90",90,"0400000US42",42,"Pennsylvania",4,8.6,37.8,15.9,7.3,16.3,10.1,87.4,26.4,22.3,10.5,7.6,3.4,"PA",2010
"91",91,"0400000US44",44,"Rhode Island",7,9.4,28.2,17.5,7.6,18.5,11.9,83.7,30.3,21.9,10.4,7,3.7,"RI",2010
"92",92,"0400000US45",45,"South Carolina",5.9,11.1,31.2,19.5,8.3,15.5,8.4,83,24,28.8,14.2,9,3.6,"SC",2010
"93",93,"0400000US46",46,"South Dakota",4.9,5.8,32.7,21.7,9.5,18,7.3,89.3,25.3,26.8,11.5,8.5,3.7,"SD",2010
"94",94,"0400000US47",47,"Tennessee",6.8,10.7,33.4,20.4,6,14.7,8,82.5,22.7,28.3,14,9.1,3.7,"TN",2010
"95",95,"0400000US48",48,"Texas",10,10,26,22,6.3,17.3,8.5,80,25.8,27.6,13.6,8.6,3.8,"TX",2010
"96",96,"0400000US49",49,"Utah",3.2,6.2,24.8,27.1,9.2,19.9,9.5,90.6,29.4,20.2,9.4,7,4,"UT",2010
"97",97,"0400000US50",50,"Vermont",3.3,6.2,32,16.8,8.4,20.2,13.1,90.6,33.3,22.4,9.7,7.9,4,"VT",2010
"98",98,"0400000US51",51,"Virginia",5.5,8.4,26,19.6,6.7,19.9,13.9,86.1,33.8,21.3,9.6,6.2,2.5,"VA",2010
"99",99,"0400000US53",53,"Washington",4.1,6.4,24.3,24.9,9.4,20,11,89.6,31,23.5,11.1,8.5,3.9,"WA",2010
"100",100,"0400000US54",54,"West Virginia",6.8,11.3,41.3,17.6,5.8,10.6,6.7,81.9,17.3,28.5,13.5,10.2,4,"WV",2010
"101",101,"0400000US55",55,"Wisconsin",3.7,6.9,34,20.6,9,17.1,8.6,89.4,25.8,21.3,9.4,7,3,"WI",2010
"102",102,"0400000US56",56,"Wyoming",2.7,5.9,31.3,26.7,9.8,15.7,7.8,91.3,23.6,17.9,8.6,6.1,3.1,"WY",2010
"103",103,"0400000US01",1,"Alabama",6.1,12,31.4,21.5,7,14,8,81.9,22,28.6,14.6,10.4,3.6,"AL",2011
"104",104,"0400000US02",2,"Alaska",3.2,5.4,27.2,28.9,8,17.7,9.5,91.4,27.2,16.9,10.6,5.9,2.5,"AK",2011
"105",105,"0400000US04",4,"Arizona",6.6,8.2,24.7,26,8.1,16.8,9.6,85.2,26.4,28.7,14.1,9.5,4.5,"AZ",2011
"106",106,"0400000US05",5,"Arkansas",6.7,10.7,35.2,21.9,5.9,13,6.6,82.7,19.6,27.6,14.8,11.6,3.8,"AR",2011
"107",107,"0400000US06",6,"California",10.4,8.8,21.1,21.8,7.7,19.3,11,80.8,30.2,23.3,13.3,8.9,4.5,"CA",2011
"108",108,"0400000US08",8,"Colorado",4.3,6.1,22.9,22.5,7.9,23.3,13,89.7,36.3,25.6,11.7,8.4,4.1,"CO",2011
"109",109,"0400000US09",9,"Connecticut",4.6,6.8,28.1,17.4,7.3,20.1,15.6,88.6,35.7,21.7,9,6.4,2.8,"CT",2011
"110",110,"0400000US10",10,"Delaware",4.2,8.5,31.7,20.3,7.4,16.7,11.3,87.4,28,20.6,9.7,6.3,3,"DE",2011
"111",111,"0400000US11",11,"District of Columbia",5,7.9,19.5,14.2,2.9,22.4,28.1,87.1,50.5,32,22.9,15.3,4.9,"DC",2011
"112",112,"0400000US12",12,"Florida",5.7,8.8,30.1,20.9,8.6,16.8,9.2,85.5,26,25.3,13.7,9.2,5,"FL",2011
"113",113,"0400000US13",13,"Georgia",5.9,10.1,29.4,20.5,6.6,17.7,9.8,84,27.5,29.3,14.7,9.6,4.1,"GA",2011
"114",114,"0400000US15",15,"Hawaii",4.7,5.2,28.7,22.1,9.8,19.6,9.9,90.1,29.5,17.1,9.9,7.8,4.5,"HI",2011
"115",115,"0400000US16",16,"Idaho",4.4,7.2,28.4,26.9,8.6,16.9,7.6,88.5,24.6,22.5,12.2,9.4,4.8,"ID",2011
"116",116,"0400000US17",17,"Illinois",5.8,7.5,27.6,21.1,7.3,19.1,11.6,86.6,30.7,22.9,11.7,8.7,3.8,"IL",2011
"117",117,"0400000US18",18,"Indiana",4.2,9.1,35.8,20.6,7.5,14.6,8.1,86.6,22.7,23.8,10.8,8.7,3.4,"IN",2011
"118",118,"0400000US19",19,"Iowa",3.9,5.8,33.8,21.7,10,17.2,7.7,90.3,24.9,21.1,9.2,7.8,3,"IA",2011
"119",119,"0400000US20",20,"Kansas",4.2,6.3,28.4,24,7.4,19.5,10.2,89.5,29.7,23.6,11,8,3.3,"KS",2011
"120",120,"0400000US21",21,"Kentucky",7.9,10.4,34.3,20.1,6.7,12.3,8.4,81.7,20.6,31.4,14.3,10.8,3.7,"KY",2011
"121",121,"0400000US22",22,"Louisiana",6.7,11.7,34.6,21,4.9,14.2,7,81.6,21.1,29,14.7,10.5,4.3,"LA",2011
"122",122,"0400000US23",23,"Maine",3.6,6.1,34.5,19.7,9,17.4,9.7,90.2,27.1,25.5,12.4,8.6,3.9,"ME",2011
"123",123,"0400000US24",24,"Maryland",4.5,7.4,26.2,19.6,6.3,19.9,16.1,88.2,36.1,19.1,9.2,6,2.7,"MD",2011
"124",124,"0400000US25",25,"Massachusetts",4.9,6.2,26.3,16.2,7.6,22.1,16.6,88.9,38.7,23.8,10.4,7.7,3.7,"MA",2011
"125",125,"0400000US26",26,"Michigan",3.5,8.1,31.1,23.8,8.2,15.6,9.7,88.4,25.3,26.9,13.7,10.5,3.9,"MI",2011
"126",126,"0400000US27",27,"Minnesota",3.5,5,27.5,22.5,9.8,21.5,10.3,91.6,31.8,24.8,10.2,7.2,2.9,"MN",2011
"127",127,"0400000US28",28,"Mississippi",6.9,12.8,30.6,22.3,7.8,12.6,7,80.3,19.7,32.7,17.6,12.6,4.7,"MS",2011
"128",128,"0400000US29",29,"Missouri",4.4,8.8,32.1,22.5,6.7,16,9.4,86.8,25.4,25.3,12,9.2,3.8,"MO",2011
"129",129,"0400000US30",30,"Montana",2.6,5.9,30.8,24.5,8,19.4,8.8,91.4,28.2,24,12.7,10.4,4.9,"MT",2011
"130",130,"0400000US31",31,"Nebraska",4,5.7,29.2,24.1,9.2,18.9,8.9,90.3,27.8,21.7,10,8,3.1,"NE",2011
"131",131,"0400000US32",32,"Nevada",6.4,9.4,29.2,25.6,7.2,14.7,7.5,84.2,22.2,19.7,10.6,8.4,4.7,"NV",2011
"132",132,"0400000US33",33,"New Hampshire",2.9,5.9,29.5,19.1,9.5,21,12.1,91.2,33.1,16.5,8,6.1,2.5,"NH",2011
"133",133,"0400000US34",34,"New Jersey",5.5,6.8,29.6,16.9,6.2,21.8,13.1,87.6,35,19.6,9.2,6.3,2.9,"NJ",2011
"134",134,"0400000US35",35,"New Mexico",7.7,9.3,26.7,23.6,7.3,14.7,10.8,83.1,25.4,31.7,16.3,11.8,5.2,"NM",2011
"135",135,"0400000US36",36,"New York",7,8.4,27.8,16.1,8.2,18.5,14,84.6,32.5,27,13.2,9.3,4.7,"NY",2011
"136",136,"0400000US37",37,"North Carolina",6,9.9,27.7,21.4,8.5,17.7,8.9,84.1,26.5,28.3,13.9,10,3.6,"NC",2011
"137",137,"0400000US38",38,"North Dakota",5.2,4.8,27.4,23.7,12.3,19.6,6.9,90,26.5,22,10.4,7.6,3.4,"ND",2011
"138",138,"0400000US39",39,"Ohio",3.4,8.8,35.4,20.5,7.5,15.5,9,87.8,24.5,25.9,11.9,9.9,3.7,"OH",2011
"139",139,"0400000US40",40,"Oklahoma",4.7,9.4,32.1,24,6.8,15.5,7.6,85.9,23,26.2,14.2,10.2,3.9,"OK",2011
"140",140,"0400000US41",41,"Oregon",4.2,7,25.2,26.6,8.1,18.4,10.6,88.9,29,24.3,13.5,10.8,5.3,"OR",2011
"141",141,"0400000US42",42,"Pennsylvania",3.9,8.2,37.6,16.3,7.4,16.5,10.2,87.9,26.7,23.1,10.7,8,3.4,"PA",2011
"142",142,"0400000US44",44,"Rhode Island",6.8,9,27.7,18.1,7.9,18.6,12,84.3,30.6,22.9,11.2,7.5,3.7,"RI",2011
"143",143,"0400000US45",45,"South Carolina",5.8,10.6,30.9,20.1,8.4,15.6,8.6,83.6,24.2,29.9,14.9,9.6,3.6,"SC",2011
"144",144,"0400000US46",46,"South Dakota",4.6,5.6,32.1,22.1,9.7,18.2,7.6,89.8,25.8,26.4,11,8.7,4.2,"SD",2011
"145",145,"0400000US47",47,"Tennessee",6.5,10.3,33.3,20.8,6,14.9,8.1,83.2,23,28.9,14.5,9.7,3.7,"TN",2011
"146",146,"0400000US48",48,"Texas",9.8,9.8,25.7,22.3,6.4,17.4,8.6,80.4,26.1,28.2,14,8.9,3.8,"TX",2011
"147",147,"0400000US49",49,"Utah",3.1,6.3,24.4,27.4,9.2,20.1,9.5,90.6,29.6,21.2,10.1,7.6,3.9,"UT",2011
"148",148,"0400000US50",50,"Vermont",3.1,5.9,31.7,17.1,8.4,20.5,13.3,91,33.8,22.2,10.2,8.4,4,"VT",2011
"149",149,"0400000US51",51,"Virginia",5.4,8,25.6,19.9,6.7,20.2,14.2,86.6,34.4,21.8,10.1,6.6,2.6,"VA",2011
"150",150,"0400000US53",53,"Washington",4.1,6.2,23.9,25.1,9.4,20.1,11.3,89.8,31.4,24.8,11.4,8.8,3.9,"WA",2011
"151",151,"0400000US54",54,"West Virginia",6.5,10.9,41,18,6,10.9,6.8,82.6,17.6,28.9,13.8,10.5,4,"WV",2011
"152",152,"0400000US55",55,"Wisconsin",3.6,6.6,33.6,21,9.1,17.3,8.8,89.8,26,22,9.6,7.5,3.2,"WI",2011
"153",153,"0400000US56",56,"Wyoming",2.5,5.6,30.5,27.2,10,16,8.2,91.9,24.2,18.5,8.7,6.5,3.2,"WY",2011
"154",154,"0400000US01",1,"Alabama",5.9,11.5,31.3,21.8,7.2,14.2,8.1,82.6,22.3,29.5,15,11.1,3.8,"AL",2012
"155",155,"0400000US02",2,"Alaska",3.1,5.3,27.1,29.1,7.9,17.8,9.7,91.6,27.5,17.1,10.3,6.3,2.7,"AK",2012
"156",156,"0400000US04",4,"Arizona",6.5,8.1,24.4,26.2,8.2,16.9,9.7,85.4,26.6,30.1,15.2,10.3,4.8,"AZ",2012
"157",157,"0400000US05",5,"Arkansas",6.3,10.4,35.1,22.3,6.1,13.1,6.7,83.3,19.8,27.7,15.5,12.2,3.9,"AR",2012
"158",158,"0400000US06",6,"California",10.3,8.7,20.7,22.2,7.7,19.4,11.1,81,30.5,24.5,14.2,9.7,4.8,"CA",2012
"159",159,"0400000US08",8,"Colorado",4.2,5.8,22.4,22.8,8.1,23.4,13.2,89.9,36.7,26,12.1,8.9,4.2,"CO",2012
"160",160,"0400000US09",9,"Connecticut",4.5,6.5,27.9,17.6,7.3,20.3,15.8,89,36.2,22.6,9.8,6.9,3,"CT",2012
"161",161,"0400000US10",10,"Delaware",4.1,8.2,31.6,20.3,7.2,17.1,11.4,87.7,28.5,22.1,9.7,6.5,3.2,"DE",2012
"162",162,"0400000US11",11,"District of Columbia",4.8,7.7,19.1,14.3,2.9,22.5,28.7,87.5,51.2,32.9,23.2,15.5,4.9,"DC",2012
"163",163,"0400000US12",12,"Florida",5.6,8.6,29.8,21.1,8.7,16.8,9.4,85.8,26.2,26.9,14.6,10.1,5.3,"FL",2012
"164",164,"0400000US13",13,"Georgia",5.8,9.8,28.9,21,6.8,17.7,10.1,84.4,27.8,30.5,15.7,10.5,4.5,"GA",2012
"165",165,"0400000US15",15,"Hawaii",4.6,5.2,28.4,22.5,9.8,19.6,10,90.3,29.6,18.1,10.7,8.1,4.6,"HI",2012
"166",166,"0400000US16",16,"Idaho",4.5,6.9,28,27.3,8.7,17,7.8,88.6,24.7,24.1,12.9,10.1,5.2,"ID",2012
"167",167,"0400000US17",17,"Illinois",5.8,7.3,27.2,21.3,7.4,19.3,11.8,87,31.1,24,12.2,9.2,4.1,"IL",2012
"168",168,"0400000US18",18,"Indiana",4.2,8.8,35.4,20.9,7.7,14.7,8.2,87,23,25.2,11.4,9.3,3.6,"IN",2012
"169",169,"0400000US19",19,"Iowa",3.7,5.6,33.1,21.9,10.3,17.5,7.8,90.7,25.3,21.6,9.6,8.3,3.2,"IA",2012
"170",170,"0400000US20",20,"Kansas",4.1,6.2,27.8,24.4,7.5,19.6,10.4,89.7,30,24.1,11.7,8.5,3.4,"KS",2012
"171",171,"0400000US21",21,"Kentucky",7.5,10.1,34,20.5,6.9,12.5,8.5,82.4,21,32.2,14.9,11.6,4,"KY",2012
"172",172,"0400000US22",22,"Louisiana",6.4,11.4,34.3,21.4,5.1,14.3,7.1,82.2,21.4,29.6,15,11.3,4.4,"LA",2012
"173",173,"0400000US23",23,"Maine",3.5,5.9,34.2,20.1,9,17.6,9.8,90.6,27.3,26,13,9.2,4,"ME",2012
"174",174,"0400000US24",24,"Maryland",4.5,7,26,19.9,6.2,20,16.4,88.5,36.3,19.9,9.7,6.6,2.8,"MD",2012
"175",175,"0400000US25",25,"Massachusetts",4.9,6,25.9,16.6,7.7,22.2,16.8,89.1,39,24.3,11,8.1,3.9,"MA",2012
"176",176,"0400000US26",26,"Michigan",3.5,7.9,30.7,24,8.4,15.7,9.8,88.7,25.5,28.1,14.5,11.1,4.1,"MI",2012
"177",177,"0400000US27",27,"Minnesota",3.3,4.8,27.1,22.5,10,21.8,10.5,91.9,32.2,25.6,10.5,7.6,3,"MN",2012
"178",178,"0400000US28",28,"Mississippi",6.6,12.3,30.4,22.6,8,12.8,7.2,81,20,33.8,18.5,13.3,4.8,"MS",2012
"179",179,"0400000US29",29,"Missouri",4.2,8.6,31.7,22.8,6.9,16.2,9.6,87.2,25.8,26.3,12.7,9.9,4.1,"MO",2012
"180",180,"0400000US30",30,"Montana",2.4,5.7,30.2,25.1,8.1,19.7,8.8,91.9,28.5,23.8,12.9,11.2,5,"MT",2012
"181",181,"0400000US31",31,"Nebraska",4.1,5.5,28.7,24.3,9.4,19,9.1,90.4,28.1,23.1,10.3,8.4,3.3,"NE",2012
"182",182,"0400000US32",32,"Nevada",6.3,9.3,28.7,26.1,7.3,14.8,7.4,84.4,22.2,21.9,12,9.3,5.2,"NV",2012
"183",183,"0400000US33",33,"New Hampshire",2.8,5.8,29.3,19.1,9.6,21.2,12.3,91.4,33.4,16.8,8.5,6.7,2.7,"NH",2012
"184",184,"0400000US34",34,"New Jersey",5.5,6.6,29.2,17.1,6.2,22,13.4,87.9,35.4,20.5,9.7,6.8,3.1,"NJ",2012
"185",185,"0400000US35",35,"New Mexico",7.4,9.2,26.4,23.9,7.5,14.6,11,83.4,25.6,32.1,17.2,12.8,5.3,"NM",2012
"186",186,"0400000US36",36,"New York",6.9,8.2,27.3,16.5,8.3,18.6,14.1,84.9,32.8,27.7,13.7,9.7,4.9,"NY",2012
"187",187,"0400000US37",37,"North Carolina",5.9,9.6,27.2,21.8,8.6,17.8,9,84.5,26.8,29.8,14.5,10.7,3.8,"NC",2012
"188",188,"0400000US38",38,"North Dakota",4.8,4.7,27.2,23.9,12.3,19.6,7.4,90.5,27.1,22.3,10.5,7.6,3.4,"ND",2012
"189",189,"0400000US39",39,"Ohio",3.3,8.5,34.9,20.9,7.7,15.6,9.1,88.2,24.7,27.1,12.5,10.5,3.8,"OH",2012
"190",190,"0400000US40",40,"Oklahoma",4.7,9.1,31.7,24.3,6.9,15.6,7.7,86.2,23.2,26.4,14.6,10.7,4.1,"OK",2012
"191",191,"0400000US41",41,"Oregon",4.1,6.8,24.8,27,8.1,18.5,10.8,89.2,29.2,26,14.1,11.7,5.5,"OR",2012
"192",192,"0400000US42",42,"Pennsylvania",3.8,7.9,37.2,16.5,7.5,16.6,10.4,88.3,27,23.9,11.1,8.5,3.6,"PA",2012
"193",193,"0400000US44",44,"Rhode Island",6.7,8.6,27.5,18.4,8.1,18.6,12.2,84.8,30.8,23.2,12,8.3,3.8,"RI",2012
"194",194,"0400000US45",45,"South Carolina",5.6,10.3,30.3,20.6,8.6,15.8,8.7,84,24.6,30.4,15.6,10.3,3.7,"SC",2012
"195",195,"0400000US46",46,"South Dakota",4.5,5.4,31.9,22.3,9.9,18.3,7.8,90.1,26,25.9,11.4,8.9,4.1,"SD",2012
"196",196,"0400000US47",47,"Tennessee",6.3,9.9,33,21.2,6.2,15.2,8.3,83.9,23.5,29.4,15,10.4,3.9,"TN",2012
"197",197,"0400000US48",48,"Texas",9.7,9.6,25.3,22.8,6.4,17.5,8.7,80.8,26.3,28.8,14.3,9.3,4,"TX",2012
"198",198,"0400000US49",49,"Utah",3.1,6.2,23.9,27.6,9.3,20.1,9.7,90.6,29.9,23.2,10.8,8.2,4.2,"UT",2012
"199",199,"0400000US50",50,"Vermont",3,5.7,31.2,17.2,8.6,20.7,13.5,91.3,34.2,23.4,10.3,8.5,4,"VT",2012
"200",200,"0400000US51",51,"Virginia",5.3,7.8,25.2,20.2,6.9,20.3,14.4,86.9,34.7,22.4,10.7,7.1,2.8,"VA",2012
"201",201,"0400000US53",53,"Washington",4.1,5.9,23.6,25.3,9.5,20.2,11.4,90,31.6,25.6,11.9,9.2,4.1,"WA",2012
"202",202,"0400000US54",54,"West Virginia",6.2,10.4,40.9,18.5,6.1,11,6.9,83.4,17.9,29.4,14.1,10.8,4.1,"WV",2012
"203",203,"0400000US55",55,"Wisconsin",3.5,6.4,33.1,21.3,9.4,17.5,8.9,90.2,26.4,23.1,10.1,8.1,3.2,"WI",2012
"204",204,"0400000US56",56,"Wyoming",2.3,5.6,30.5,27.3,10,16.2,8.1,92.1,24.3,18.7,9.4,7.3,3.6,"WY",2012
"205",205,"0400000US01",1,"Alabama",5.7,11.2,31.1,22,7.4,14.4,8.3,83.1,22.6,30.1,15.5,11.8,4.1,"AL",2013
"206",206,"0400000US02",2,"Alaska",3,5.3,27.3,28.8,8,17.7,9.8,91.6,27.5,17.6,10.9,6.5,2.7,"AK",2013
"207",207,"0400000US04",4,"Arizona",6.4,7.9,24.5,26,8.3,17,9.9,85.7,26.9,31.1,16.1,10.9,5.1,"AZ",2013
"208",208,"0400000US05",5,"Arkansas",6.1,10.2,35.1,22.4,6.1,13.3,6.8,83.7,20.1,28.4,15.9,12.5,4.3,"AR",2013
"209",209,"0400000US06",6,"California",10.2,8.5,20.7,22.1,7.8,19.4,11.2,81.2,30.7,25.4,15,10.4,5.1,"CA",2013
"210",210,"0400000US08",8,"Colorado",4.1,5.7,22.1,22.8,8.2,23.6,13.4,90.2,37,26.2,12.7,9.2,4.4,"CO",2013
"211",211,"0400000US09",9,"Connecticut",4.5,6.4,27.8,17.7,7.3,20.4,16.1,89.2,36.5,22.9,10.3,7.4,3.1,"CT",2013
"212",212,"0400000US10",10,"Delaware",4.2,8.1,31.7,19.9,7.3,17.2,11.7,87.7,28.9,22.6,10.1,7.2,3.2,"DE",2013
"213",213,"0400000US11",11,"District of Columbia",4.4,7.2,18.8,14.2,3,22.7,29.7,88.4,52.4,33.6,24.5,16.1,5.3,"DC",2013
"214",214,"0400000US12",12,"Florida",5.6,8.3,29.8,21,8.9,16.9,9.5,86.1,26.4,27.9,15.5,10.8,5.6,"FL",2013
"215",215,"0400000US13",13,"Georgia",5.8,9.5,28.7,21.1,6.9,17.7,10.2,84.7,28,31.4,16.7,11.4,4.8,"GA",2013
"216",216,"0400000US15",15,"Hawaii",4.4,5.2,28.1,22.3,9.9,19.9,10.2,90.4,30.1,18.6,11.4,8.5,4.6,"HI",2013
"217",217,"0400000US16",16,"Idaho",4.4,6.8,27.8,27.1,8.8,17.2,7.8,88.8,25.1,24.5,13.2,10.8,5.6,"ID",2013
"218",218,"0400000US17",17,"Illinois",5.6,7.1,27.1,21.3,7.4,19.5,12,87.3,31.4,24.5,13,9.8,4.3,"IL",2013
"219",219,"0400000US18",18,"Indiana",4.2,8.6,35.2,20.9,7.9,14.8,8.4,87.2,23.2,26.2,11.9,10.1,3.8,"IN",2013
"220",220,"0400000US19",19,"Iowa",3.6,5.5,32.9,21.7,10.6,17.7,8,91,25.7,22.1,10.1,8.5,3.3,"IA",2013
"221",221,"0400000US20",20,"Kansas",4.1,6.1,27.5,24.5,7.6,19.6,10.6,89.8,30.3,24.7,12.3,9,3.5,"KS",2013
"222",222,"0400000US21",21,"Kentucky",7.2,9.8,33.9,20.5,7.1,12.8,8.8,83,21.5,32.1,15.4,12.3,4.3,"KY",2013
"223",223,"0400000US22",22,"Louisiana",6.2,11.2,34.1,21.5,5.2,14.6,7.3,82.6,21.8,29.9,15.5,12.2,4.8,"LA",2013
"224",224,"0400000US23",23,"Maine",3.3,5.6,33.9,20.1,9.2,17.9,10,91.1,27.9,25.9,13.8,9.8,4.2,"ME",2013
"225",225,"0400000US24",24,"Maryland",4.4,6.9,25.9,19.7,6.3,20.1,16.7,88.7,36.8,20.5,10.3,7.1,2.9,"MD",2013
"226",226,"0400000US25",25,"Massachusetts",4.8,5.8,25.8,16.5,7.7,22.3,17.1,89.4,39.4,24.6,11.4,8.4,4,"MA",2013
"227",227,"0400000US26",26,"Michigan",3.4,7.7,30.4,24,8.6,15.9,10,88.9,25.9,28.9,15,11.6,4.3,"MI",2013
"228",228,"0400000US27",27,"Minnesota",3.2,4.7,26.9,22.3,10.3,21.9,10.7,92.1,32.6,26.1,11,7.9,3.1,"MN",2013
"229",229,"0400000US28",28,"Mississippi",6.4,12.1,30.5,22.7,8.1,12.8,7.3,81.5,20.1,34.2,19.1,14,5.2,"MS",2013
"230",230,"0400000US29",29,"Missouri",4.1,8.3,31.6,22.8,7.1,16.4,9.8,87.6,26.2,27,13.2,10.7,4.3,"MO",2013
"231",231,"0400000US30",30,"Montana",2.4,5.5,30.1,25.2,8.2,19.7,8.9,92.1,28.7,24,13.6,11.7,5.3,"MT",2013
"232",232,"0400000US31",31,"Nebraska",4.1,5.4,28.1,24.2,9.5,19.3,9.2,90.5,28.5,23.7,10.5,8.7,3.4,"NE",2013
"233",233,"0400000US32",32,"Nevada",6.2,9.2,28.7,26,7.5,14.8,7.6,84.6,22.4,22.9,12.7,9.9,5.4,"NV",2013
"234",234,"0400000US33",33,"New Hampshire",2.7,5.4,29.3,19.2,9.6,21.3,12.4,91.8,33.7,17,9,7.1,2.8,"NH",2013
"235",235,"0400000US34",34,"New Jersey",5.5,6.4,29,17,6.2,22.2,13.6,88.1,35.8,21.1,10.4,7.4,3.2,"NJ",2013
"236",236,"0400000US35",35,"New Mexico",7.3,9,26.4,23.9,7.5,14.7,11.1,83.6,25.8,33,18.1,13.7,5.8,"NM",2013
"237",237,"0400000US36",36,"New York",6.8,8,27.1,16.4,8.4,18.9,14.3,85.2,33.2,28.3,14.3,10.2,5.1,"NY",2013
"238",238,"0400000US37",37,"North Carolina",5.7,9.4,27,21.9,8.7,18,9.3,84.9,27.3,30.8,15.2,11.3,4.1,"NC",2013
"239",239,"0400000US38",38,"North Dakota",4.5,4.6,27.1,23.8,12.7,19.6,7.6,90.9,27.2,21.1,10.5,7.6,3.3,"ND",2013
"240",240,"0400000US39",39,"Ohio",3.2,8.3,34.7,20.8,7.8,15.8,9.3,88.5,25.2,28.1,12.9,11,4,"OH",2013
"241",241,"0400000US40",40,"Oklahoma",4.6,9,31.8,24.2,7,15.7,7.7,86.4,23.5,26.9,14.9,11.2,4.2,"OK",2013
"242",242,"0400000US41",41,"Oregon",4,6.6,24.6,26.9,8.2,18.7,11,89.4,29.7,26.9,14.7,12.5,5.8,"OR",2013
"243",243,"0400000US42",42,"Pennsylvania",3.7,7.7,37,16.5,7.6,16.9,10.7,88.7,27.5,24.7,11.5,8.8,3.7,"PA",2013
"244",244,"0400000US44",44,"Rhode Island",6.6,8.3,27.2,18.4,8.3,18.9,12.5,85.2,31.3,23,12.8,8.7,3.8,"RI",2013
"245",245,"0400000US45",45,"South Carolina",5.4,10,29.9,20.9,8.7,16.1,9,84.5,25.1,31.2,15.9,11,4.1,"SC",2013
"246",246,"0400000US46",46,"South Dakota",4.3,5.3,31.8,22.2,10.2,18.3,7.9,90.4,26.2,26.5,11.4,9.8,4.4,"SD",2013
"247",247,"0400000US47",47,"Tennessee",6.1,9.6,33.1,21.1,6.3,15.3,8.5,84.4,23.8,29.9,15.5,10.9,4.1,"TN",2013
"248",248,"0400000US48",48,"Texas",9.4,9.4,25.3,22.7,6.5,17.7,8.9,81.2,26.7,29.2,14.8,9.7,4.1,"TX",2013
"249",249,"0400000US49",49,"Utah",3.1,6.1,23.6,27.6,9.4,20.3,9.9,90.9,30.3,24.4,11.3,8.6,4.5,"UT",2013
"250",250,"0400000US50",50,"Vermont",3,5.6,30.8,17.3,8.5,21,13.8,91.4,34.8,23.7,11,9,4.2,"VT",2013
"251",251,"0400000US51",51,"Virginia",5.1,7.5,25.2,20.1,7,20.5,14.7,87.5,35.2,22.3,11.3,7.5,3,"VA",2013
"252",252,"0400000US53",53,"Washington",4.1,5.9,23.6,25.1,9.5,20.4,11.5,90,31.9,26.2,12.5,9.7,4.2,"WA",2013
"253",253,"0400000US54",54,"West Virginia",5.9,10.2,40.7,18.5,6.3,11.3,7.1,83.9,18.3,29.8,14.3,11.2,4.2,"WV",2013
"254",254,"0400000US55",55,"Wisconsin",3.3,6.2,32.8,21.2,9.6,17.7,9.1,90.4,26.8,24,10.7,8.7,3.4,"WI",2013
"255",255,"0400000US56",56,"Wyoming",2.1,5.5,30,27.6,10.1,16.5,8.2,92.4,24.7,19.8,9.6,7.2,4.2,"WY",2013
"256",256,"0400000US01",1,"Alabama",5.4,10.9,31.1,22,7.6,14.5,8.6,83.7,23.1,30.8,16.1,12.2,4.3,"AL",2014
"257",257,"0400000US02",2,"Alaska",3,5.2,27.5,28.4,8.2,17.9,9.8,91.8,27.7,19.2,11.5,6.2,2.7,"AK",2014
"258",258,"0400000US04",4,"Arizona",6.3,7.8,24.5,25.9,8.4,17.1,10,85.9,27.1,31.8,16.7,11.3,5.3,"AZ",2014
"259",259,"0400000US05",5,"Arkansas",5.8,9.9,35,22.4,6.2,13.5,7.1,84.3,20.6,28.4,16.2,12.6,4.4,"AR",2014
"260",260,"0400000US06",6,"California",10.1,8.4,20.7,22,7.8,19.6,11.4,81.5,31,26.1,15.7,10.9,5.3,"CA",2014
"261",261,"0400000US08",8,"Colorado",4,5.6,22,22.7,8.2,23.7,13.7,90.4,37.5,25.5,12.8,9.4,4.5,"CO",2014
"262",262,"0400000US09",9,"Connecticut",4.3,6.1,27.6,17.6,7.3,20.6,16.4,89.5,37,23.3,11,7.7,3.3,"CT",2014
"263",263,"0400000US10",10,"Delaware",4.1,7.9,31.5,19.7,7.3,17.5,11.9,88,29.4,23,10.7,7.6,3.4,"DE",2014
"264",264,"0400000US11",11,"District of Columbia",4.3,6.8,18.6,13.7,3.1,23.3,30.1,88.9,53.4,34.3,23.5,16.3,5.3,"DC",2014
"265",265,"0400000US12",12,"Florida",5.4,8.1,29.7,20.9,9.2,17.1,9.6,86.5,26.8,28.4,16.1,11.1,5.9,"FL",2014
"266",266,"0400000US13",13,"Georgia",5.6,9.4,28.6,21.1,7,17.9,10.4,85,28.3,31.3,17.2,12,4.9,"GA",2014
"267",267,"0400000US15",15,"Hawaii",4.3,5,28.1,22.2,9.9,20.2,10.3,90.7,30.5,19,12,8.7,4.7,"HI",2014
"268",268,"0400000US16",16,"Idaho",4.2,6.6,27.7,27,9,17.4,8,89.1,25.4,24.4,13.7,10.7,5.7,"ID",2014
"269",269,"0400000US17",17,"Illinois",5.5,6.9,27,21.2,7.5,19.7,12.2,87.6,31.9,24.9,13.5,10.2,4.5,"IL",2014
"270",270,"0400000US18",18,"Indiana",4.1,8.3,35,21,8.1,15.1,8.5,87.6,23.6,26.6,12.1,10.4,4,"IN",2014
"271",271,"0400000US19",19,"Iowa",3.5,5.2,32.5,21.6,10.8,18,8.4,91.3,26.4,22.5,10.4,8.7,3.5,"IA",2014
"272",272,"0400000US20",20,"Kansas",4,6,27.2,24.3,7.8,19.9,10.8,90,30.7,24.5,12.6,9.3,3.6,"KS",2014
"273",273,"0400000US21",21,"Kentucky",7,9.5,33.7,20.7,7.3,12.9,8.9,83.5,21.8,32.3,16.1,12.5,4.3,"KY",2014
"274",274,"0400000US22",22,"Louisiana",6.1,11.1,33.9,21.4,5.3,14.7,7.4,82.8,22.1,30.8,16.2,12.6,4.9,"LA",2014
"275",275,"0400000US23",23,"Maine",3.2,5.5,33.5,20.1,9.3,18.3,10.1,91.3,28.4,26.4,14.6,10.2,4.4,"ME",2014
"276",276,"0400000US24",24,"Maryland",4.3,6.7,25.7,19.6,6.3,20.3,17,89,37.3,20.7,10.8,7.4,3,"MD",2014
"277",277,"0400000US25",25,"Massachusetts",4.9,5.6,25.6,16.3,7.7,22.6,17.4,89.5,40,25.4,11.8,8.6,4.2,"MA",2014
"278",278,"0400000US26",26,"Michigan",3.3,7.4,30.2,23.9,8.8,16.1,10.3,89.3,26.4,29.3,15.2,11.7,4.5,"MI",2014
"279",279,"0400000US27",27,"Minnesota",3.1,4.6,26.4,22.2,10.5,22.3,10.9,92.3,33.2,26.1,11.2,8.1,3.2,"MN",2014
"280",280,"0400000US28",28,"Mississippi",6.2,11.9,30.2,22.8,8.5,12.9,7.5,81.9,20.4,33.9,19.2,14.3,5.3,"MS",2014
"281",281,"0400000US29",29,"Missouri",3.9,8.1,31.4,22.7,7.2,16.7,10,88,26.7,27.8,13.6,11,4.4,"MO",2014
"282",282,"0400000US30",30,"Montana",2.2,5.3,29.8,25.3,8.3,19.8,9.2,92.4,29.1,24.4,14.2,11.6,5.3,"MT",2014
"283",283,"0400000US31",31,"Nebraska",4.1,5.3,27.8,24,9.7,19.6,9.4,90.5,29,24.7,10.8,8.6,3.5,"NE",2014
"284",284,"0400000US32",32,"Nevada",6.1,9,28.7,26.1,7.6,14.9,7.7,84.9,22.5,23.1,13.6,10.4,5.8,"NV",2014
"285",285,"0400000US33",33,"New Hampshire",2.6,5.4,29.1,18.9,9.6,21.5,12.8,92,34.4,17.6,9.1,7,3,"NH",2014
"286",286,"0400000US34",34,"New Jersey",5.4,6.2,28.8,17,6.3,22.5,13.8,88.4,36.4,21.9,10.9,7.7,3.4,"NJ",2014
"287",287,"0400000US35",35,"New Mexico",7.1,8.9,26.3,23.9,7.7,14.8,11.3,84,26.1,33.9,18.7,14.5,6.2,"NM",2014
"288",288,"0400000US36",36,"New York",6.8,7.9,26.9,16.3,8.5,19.1,14.6,85.4,33.7,28.8,14.9,10.6,5.2,"NY",2014
"289",289,"0400000US37",37,"North Carolina",5.5,9.1,26.9,21.9,8.8,18.2,9.5,85.4,27.8,31,15.6,11.7,4.3,"NC",2014
"290",290,"0400000US38",38,"North Dakota",4.1,4.5,27.4,23.6,13,19.6,7.7,91.3,27.3,21.4,10.4,7.6,3.5,"ND",2014
"291",291,"0400000US39",39,"Ohio",3.2,8,34.5,20.7,8.1,16.1,9.5,88.8,25.6,28.8,13.2,11.3,4,"OH",2014
"292",292,"0400000US40",40,"Oklahoma",4.5,8.8,31.7,24,7.1,15.9,7.9,86.7,23.8,27.4,15.1,11.3,4.3,"OK",2014
"293",293,"0400000US41",41,"Oregon",4.1,6.5,24.5,26.6,8.2,18.9,11.2,89.5,30.1,27.5,15.6,13.1,6.1,"OR",2014
"294",294,"0400000US42",42,"Pennsylvania",3.6,7.4,36.8,16.4,7.7,17.1,11,89,28.1,25.1,11.9,9.2,3.9,"PA",2014
"295",295,"0400000US44",44,"Rhode Island",6.3,8.3,27.4,18.4,8.3,18.8,12.6,85.4,31.4,24.4,13.2,9.7,3.9,"RI",2014
"296",296,"0400000US45",45,"South Carolina",5.2,9.8,30,21,8.7,16.2,9.2,85,25.3,31.4,16.4,11.3,4.3,"SC",2014
"297",297,"0400000US46",46,"South Dakota",4.1,5.2,31.5,22,10.5,18.7,8,90.7,26.7,26.5,11.9,9.6,4.5,"SD",2014
"298",298,"0400000US47",47,"Tennessee",5.9,9.2,33.1,21,6.5,15.6,8.8,84.9,24.4,30.2,15.9,11.1,4.2,"TN",2014
"299",299,"0400000US48",48,"Texas",9.3,9.2,25.2,22.7,6.6,17.9,9.1,81.6,27.1,29.4,15,10,4.2,"TX",2014
"300",300,"0400000US49",49,"Utah",3,6,23.3,27.6,9.5,20.5,10.2,91,30.6,24.1,11.3,8.8,4.6,"UT",2014
"301",301,"0400000US50",50,"Vermont",2.9,5.5,30.6,17.5,8.4,21.2,14,91.6,35.2,24.1,11.3,9.2,4.3,"VT",2014
"302",302,"0400000US51",51,"Virginia",4.9,7.2,25,20,7.1,20.7,15,87.9,35.8,22.6,11.6,7.9,3.2,"VA",2014
"303",303,"0400000US53",53,"Washington",4.1,5.8,23.3,24.9,9.7,20.6,11.7,90.2,32.3,26.1,13,10.1,4.3,"WA",2014
"304",304,"0400000US54",54,"West Virginia",5.5,10,40.9,18.4,6.4,11.6,7.2,84.4,18.7,29.7,14.7,12,4.6,"WV",2014
"305",305,"0400000US55",55,"Wisconsin",3.2,6,32.4,21.1,9.9,18.1,9.3,90.8,27.4,24.5,11,8.9,3.6,"WI",2014
"306",306,"0400000US56",56,"Wyoming",2.1,5.6,29.4,27.4,10.4,16.8,8.3,92.3,25.1,19.9,10.2,7.4,4.1,"WY",2014
"307",307,"0400000US01",1,"Alabama",5.2,10.6,31,22,7.8,14.8,8.7,84.3,23.5,30.9,16.4,12.3,4.4,"AL",2015
"308",308,"0400000US02",2,"Alaska",2.9,5,27.8,28.2,8.1,17.9,10.1,92.1,28,19,11.7,6.3,2.7,"AK",2015
"309",309,"0400000US04",4,"Arizona",6.2,7.7,24.4,25.7,8.5,17.3,10.2,86,27.5,32.1,17,11.2,5.4,"AZ",2015
"310",310,"0400000US05",5,"Arkansas",5.7,9.6,34.9,22.5,6.3,13.6,7.5,84.8,21.1,29.4,16.4,12.9,4.4,"AR",2015
"311",311,"0400000US06",6,"California",10,8.2,20.7,21.8,7.8,19.8,11.6,81.8,31.4,26,15.7,11,5.3,"CA",2015
"312",312,"0400000US08",8,"Colorado",3.9,5.4,21.8,22.5,8.3,24.1,14,90.7,38.1,24.9,12.3,9.2,4.5,"CO",2015
"313",313,"0400000US09",9,"Connecticut",4.3,5.9,27.4,17.5,7.4,21,16.6,89.9,37.6,24,10.9,7.9,3.3,"CT",2015
"314",314,"0400000US10",10,"Delaware",4,7.7,31.1,19.7,7.5,17.8,12.2,88.4,30,23,11.3,7.8,3.4,"DE",2015
"315",315,"0400000US11",11,"District of Columbia",4.3,6.4,18,13.7,3.1,23.3,31.3,89.3,54.6,35,23.9,16.9,5.1,"DC",2015
"316",316,"0400000US12",12,"Florida",5.3,7.8,29.5,20.7,9.4,17.5,9.8,86.9,27.3,28.3,16.1,11.2,5.9,"FL",2015
"317",317,"0400000US13",13,"Georgia",5.4,9.2,28.4,21,7.2,18.1,10.7,85.4,28.8,31.1,17.2,12.1,5,"GA",2015
"318",318,"0400000US15",15,"Hawaii",4.1,4.9,27.9,22,10.3,20.4,10.5,91,30.8,19,12.3,8.6,4.8,"HI",2015
"319",319,"0400000US16",16,"Idaho",4.1,6.4,27.5,26.9,9.2,17.7,8.2,89.5,25.9,23.8,14.1,11,5.5,"ID",2015
"320",320,"0400000US17",17,"Illinois",5.4,6.6,26.8,21.1,7.7,19.9,12.4,87.9,32.3,24.7,13.8,10.2,4.5,"IL",2015
"321",321,"0400000US18",18,"Indiana",4,8.2,34.6,20.9,8.2,15.4,8.7,87.8,24.1,26.7,12.1,10.5,4.1,"IN",2015
"322",322,"0400000US19",19,"Iowa",3.3,5.2,32.2,21.5,11.1,18.2,8.5,91.5,26.7,22.5,10.7,8.7,3.5,"IA",2015
"323",323,"0400000US20",20,"Kansas",3.9,5.9,27,24.2,8,20,11,90.2,31,23.8,12.6,9.4,3.5,"KS",2015
"324",324,"0400000US21",21,"Kentucky",6.7,9.2,33.6,20.8,7.5,13.1,9.2,84.2,22.3,32.7,16.4,12.6,4.4,"KY",2015
"325",325,"0400000US22",22,"Louisiana",5.8,10.8,33.9,21.4,5.5,14.8,7.7,83.4,22.5,31.7,16.9,12.9,4.9,"LA",2015
"326",326,"0400000US23",23,"Maine",3.1,5.3,33.2,19.9,9.5,18.7,10.3,91.6,29,27.3,14.9,10.3,4.5,"ME",2015
"327",327,"0400000US24",24,"Maryland",4.2,6.5,25.5,19.5,6.4,20.6,17.3,89.4,37.9,20.8,10.8,7.6,3.1,"MD",2015
"328",328,"0400000US25",25,"Massachusetts",4.8,5.4,25.4,16.2,7.7,22.8,17.7,89.8,40.5,25.2,12.1,8.9,4.3,"MA",2015
"329",329,"0400000US26",26,"Michigan",3.2,7.2,29.9,23.8,8.9,16.5,10.5,89.6,26.9,29.6,15.2,11.7,4.5,"MI",2015
"330",330,"0400000US27",27,"Minnesota",3.1,4.4,26.1,21.9,10.7,22.5,11.2,92.4,33.7,25.7,11.1,8,3.2,"MN",2015
"331",331,"0400000US28",28,"Mississippi",6.1,11.5,30.3,22.8,8.6,12.9,7.7,82.3,20.7,34,19.7,14.5,5.3,"MS",2015
"332",332,"0400000US29",29,"Missouri",3.7,7.9,31.3,22.6,7.4,16.9,10.2,88.4,27.1,28,13.8,11,4.5,"MO",2015
"333",333,"0400000US30",30,"Montana",2.1,5.1,30.1,24.8,8.4,20,9.5,92.8,29.5,24.7,14.4,11.8,5.1,"MT",2015
"334",334,"0400000US31",31,"Nebraska",4.1,5.2,27.5,23.9,9.9,19.6,9.7,90.7,29.3,24.9,10.9,8.8,3.5,"NE",2015
"335",335,"0400000US32",32,"Nevada",6.2,8.7,28.2,26,7.8,15.2,7.9,85.1,23,23.1,13.8,10.5,6,"NV",2015
"336",336,"0400000US33",33,"New Hampshire",2.5,5.2,28.8,19,9.6,21.8,13,92.3,34.9,18,8.8,7.1,3,"NH",2015
"337",337,"0400000US34",34,"New Jersey",5.3,6.1,28.6,16.9,6.3,22.8,14,88.6,36.8,22.3,11.2,7.9,3.5,"NJ",2015
"338",338,"0400000US35",35,"New Mexico",7,8.8,26.4,23.6,7.8,14.8,11.5,84.2,26.3,34.2,18.9,14.9,6.3,"NM",2015
"339",339,"0400000US36",36,"New York",6.7,7.7,26.7,16.2,8.5,19.4,14.8,85.6,34.2,29.3,15.1,10.8,5.3,"NY",2015
"340",340,"0400000US37",37,"North Carolina",5.4,8.8,26.7,21.8,9,18.4,9.9,85.8,28.4,30.8,15.9,11.8,4.3,"NC",2015
"341",341,"0400000US38",38,"North Dakota",3.9,4.4,27.4,23.4,13.2,20.1,7.6,91.7,27.7,21.9,10.4,7.4,3.3,"ND",2015
"342",342,"0400000US39",39,"Ohio",3.1,7.8,34.1,20.7,8.2,16.4,9.7,89.1,26.1,29,13.4,11.3,4,"OH",2015
"343",343,"0400000US40",40,"Oklahoma",4.4,8.6,31.7,23.9,7.2,16.1,8,86.9,24.1,27.4,15.1,11.3,4.5,"OK",2015
"344",344,"0400000US41",41,"Oregon",4,6.2,24.3,26.3,8.4,19.3,11.5,89.8,30.8,27.2,15.9,12.8,6.2,"OR",2015
"345",345,"0400000US42",42,"Pennsylvania",3.5,7.3,36.4,16.3,7.9,17.4,11.2,89.2,28.6,25.2,12,9.3,4,"PA",2015
"346",346,"0400000US44",44,"Rhode Island",6,7.8,27.3,18.5,8.5,19.1,12.8,86.2,31.9,24.9,13.6,10.2,3.9,"RI",2015
"347",347,"0400000US45",45,"South Carolina",4.9,9.5,29.8,21,8.9,16.5,9.3,85.6,25.8,31.4,16.3,11.1,4.4,"SC",2015
"348",348,"0400000US46",46,"South Dakota",3.9,5.2,31.3,21.9,10.7,19,8,90.9,27,27.3,12.1,9.4,4.3,"SD",2015
"349",349,"0400000US47",47,"Tennessee",5.6,8.9,33,21,6.6,15.9,9,85.5,24.9,30.3,15.9,11.2,4.2,"TN",2015
"350",350,"0400000US48",48,"Texas",9.1,9,25.2,22.5,6.7,18.2,9.4,81.9,27.6,28.9,14.9,9.9,4.3,"TX",2015
"351",351,"0400000US49",49,"Utah",3,5.8,23.2,27.4,9.6,20.8,10.4,91.2,31.1,23.2,11.2,8.5,4.5,"UT",2015
"352",352,"0400000US50",50,"Vermont",2.9,5.3,30.1,17.4,8.4,21.7,14.3,91.8,36,23.8,10.9,9,4.2,"VT",2015
"353",353,"0400000US51",51,"Virginia",4.8,6.9,24.8,19.9,7.3,21,15.4,88.3,36.3,22.6,12,8.1,3.2,"VA",2015
"354",354,"0400000US53",53,"Washington",4,5.5,23.3,24.6,9.8,20.9,12,90.4,32.9,25.1,13.1,10.3,4.4,"WA",2015
"355",355,"0400000US54",54,"West Virginia",5.2,9.8,40.7,18.5,6.6,11.7,7.4,85,19.2,29.4,14.8,12.4,4.5,"WV",2015
"356",356,"0400000US55",55,"Wisconsin",3.1,5.8,32,21.1,10.1,18.4,9.4,91,27.8,24.3,11,8.9,3.6,"WI",2015
"357",357,"0400000US56",56,"Wyoming",2,5.7,29.4,26.9,10.3,17.1,8.6,92.3,25.7,19.9,10.2,7.5,4.2,"WY",2015
"358",358,"0400000US01",1,"Alabama",5,10.2,31,21.9,7.9,15.1,8.9,84.8,24,30.9,16.3,12.2,4.4,"AL",2016
"359",359,"0400000US02",2,"Alaska",2.7,4.9,27.7,27.5,8.3,18.4,10.4,92.3,28.8,19.5,12.1,6.1,2.7,"AK",2016
"360",360,"0400000US04",4,"Arizona",6.1,7.7,24.3,25.5,8.5,17.5,10.4,86.2,28,31,16.8,11.2,5.5,"AZ",2016
"361",361,"0400000US05",5,"Arkansas",5.4,9.4,34.7,22.6,6.4,13.9,7.6,85.2,21.5,28.9,16.4,12.6,4.4,"AR",2016
"362",362,"0400000US06",6,"California",9.9,8,20.6,21.7,7.8,20.1,11.9,82.1,32,25.3,15.5,10.9,5.3,"CA",2016
"363",363,"0400000US08",8,"Colorado",3.7,5.3,21.7,22.2,8.4,24.4,14.3,91,38.7,24.2,12,9.2,4.4,"CO",2016
"364",364,"0400000US09",9,"Connecticut",4.2,5.7,27.3,17.3,7.5,21.3,16.8,90.1,38,24.1,10.9,7.8,3.3,"CT",2016
"365",365,"0400000US10",10,"Delaware",3.8,7.4,31.1,19.5,7.7,18.1,12.4,88.8,30.5,22.5,11.5,8,3.5,"DE",2016
"366",366,"0400000US11",11,"District of Columbia",4,6,18,13.5,3.1,23.4,32,90,55.4,34.8,24.3,17.3,5.5,"DC",2016
"367",367,"0400000US12",12,"Florida",5.2,7.6,29.2,20.6,9.6,17.8,10,87.2,27.9,27.7,15.9,11,6,"FL",2016
"368",368,"0400000US13",13,"Georgia",5.2,8.9,28.1,21,7.4,18.3,11.1,85.8,29.4,30.3,16.9,11.9,4.8,"GA",2016
"369",369,"0400000US15",15,"Hawaii",3.9,4.8,27.8,21.7,10.4,20.7,10.6,91.3,31.4,18.9,12.1,8.5,4.8,"HI",2016
"370",370,"0400000US16",16,"Idaho",3.8,6.2,27.6,26.8,9.3,17.9,8.4,90,26.2,23.4,14.3,11,5.3,"ID",2016
"371",371,"0400000US17",17,"Illinois",5.3,6.4,26.5,21.1,7.8,20.2,12.7,88.3,32.9,24.5,13.7,10.2,4.5,"IL",2016
"372",372,"0400000US18",18,"Indiana",3.9,8,34.2,20.8,8.4,15.7,8.9,88.1,24.6,26.2,12.2,10.3,4.1,"IN",2016
"373",373,"0400000US19",19,"Iowa",3.2,5.1,31.9,21.4,11.3,18.4,8.7,91.7,27.2,22.6,10.8,8.6,3.5,"IA",2016
"374",374,"0400000US20",20,"Kansas",3.8,5.9,26.6,23.9,8.1,20.2,11.4,90.3,31.6,23.8,12.7,9.4,3.5,"KS",2016
"375",375,"0400000US21",21,"Kentucky",6.4,8.9,33.3,20.8,7.8,13.4,9.3,84.6,22.7,32.9,16.6,12.7,4.5,"KY",2016
"376",376,"0400000US22",22,"Louisiana",5.6,10.6,33.9,21.3,5.7,15.1,7.9,83.8,23,32.1,17,12.9,5,"LA",2016
"377",377,"0400000US23",23,"Maine",2.9,5.2,33.2,19.7,9.7,18.9,10.5,91.9,29.3,27.3,14.8,10.1,4.2,"ME",2016
"378",378,"0400000US24",24,"Maryland",4.1,6.3,25.4,19.4,6.4,20.7,17.7,89.6,38.4,20.6,10.9,7.5,3.1,"MD",2016
"379",379,"0400000US25",25,"Massachusetts",4.7,5.3,25.1,16,7.7,23.1,18.2,90.1,41.2,25,12.2,8.9,4.3,"MA",2016
"380",380,"0400000US26",26,"Michigan",3.1,7,29.6,23.8,9.1,16.7,10.7,89.9,27.4,29.6,15.1,11.4,4.5,"MI",2016
"381",381,"0400000US27",27,"Minnesota",3.1,4.3,25.7,21.7,11,22.8,11.5,92.6,34.2,25.2,10.9,7.8,3.1,"MN",2016
"382",382,"0400000US28",28,"Mississippi",5.8,11.2,30.4,22.8,8.7,13.1,7.9,83,21,34,20.1,14.4,5.4,"MS",2016
"383",383,"0400000US29",29,"Missouri",3.6,7.6,31.1,22.5,7.6,17.2,10.4,88.8,27.6,28.2,13.8,10.9,4.3,"MO",2016
"384",384,"0400000US30",30,"Montana",2,5.1,29.8,24.5,8.7,20.2,9.8,92.9,29.9,25.1,14.3,12,5.3,"MT",2016
"385",385,"0400000US31",31,"Nebraska",4.1,5.2,27,23.6,10.1,20.1,9.9,90.7,30,24.8,10.9,8.6,3.5,"NE",2016
"386",386,"0400000US32",32,"Nevada",6.1,8.5,28.3,26,7.9,15.3,7.9,85.4,23.2,22.3,13.7,10.3,5.8,"NV",2016
"387",387,"0400000US33",33,"New Hampshire",2.4,5.1,28.4,19,9.8,22.1,13.4,92.6,35.5,17.7,8.8,6.9,3.2,"NH",2016
"388",388,"0400000US34",34,"New Jersey",5.2,5.9,28.2,16.8,6.4,23.1,14.4,88.9,37.5,22.3,11.5,8,3.6,"NJ",2016
"389",389,"0400000US35",35,"New Mexico",6.8,8.6,26.4,23.5,8.1,15,11.6,84.6,26.7,34.3,18.8,15.1,6.4,"NM",2016
"390",390,"0400000US36",36,"New York",6.5,7.5,26.4,16.1,8.6,19.7,15.1,85.9,34.7,29.4,15.1,10.9,5.2,"NY",2016
"391",391,"0400000US37",37,"North Carolina",5.2,8.5,26.4,21.8,9.1,18.8,10.2,86.3,29,30.2,15.8,11.6,4.3,"NC",2016
"392",392,"0400000US38",38,"North Dakota",3.5,4.4,27.4,23,13.4,20.5,7.7,92,28.2,21.3,11,7.4,3.2,"ND",2016
"393",393,"0400000US39",39,"Ohio",3,7.5,33.8,20.6,8.4,16.7,10,89.5,26.7,28.4,13.4,11.3,3.9,"OH",2016
"394",394,"0400000US40",40,"Oklahoma",4.3,8.5,31.6,23.7,7.4,16.3,8.1,87.3,24.5,26.8,15.1,11.2,4.4,"OK",2016
"395",395,"0400000US41",41,"Oregon",3.9,6.2,23.9,26.2,8.5,19.6,11.9,90,31.4,26.2,15.4,12.6,5.9,"OR",2016
"396",396,"0400000US42",42,"Pennsylvania",3.4,7,36,16.2,8,17.8,11.5,89.5,29.3,25.2,12.1,9.2,4,"PA",2016
"397",397,"0400000US44",44,"Rhode Island",5.8,7.3,27.7,18.3,8.5,19.4,13.1,87,32.5,25,13.5,10,4,"RI",2016
"398",398,"0400000US45",45,"South Carolina",4.7,9.3,29.5,21,9.1,16.9,9.6,86,26.5,30.4,15.8,10.9,4.2,"SC",2016
"399",399,"0400000US46",46,"South Dakota",3.6,5.2,30.8,21.9,11,19.4,8.1,91.2,27.5,28.2,12.5,9.3,4.1,"SD",2016
"400",400,"0400000US47",47,"Tennessee",5.4,8.6,32.8,21,6.8,16.1,9.3,86,25.4,29.8,15.8,10.9,4.4,"TN",2016
"401",401,"0400000US48",48,"Texas",8.9,8.8,25.1,22.4,6.8,18.5,9.6,82.3,28.1,27.8,14.7,9.8,4.3,"TX",2016
"402",402,"0400000US49",49,"Utah",2.9,5.6,23,27.1,9.8,21,10.7,91.5,31.7,21.7,10.8,8,4.4,"UT",2016
"403",403,"0400000US50",50,"Vermont",2.8,5.3,29.9,17.3,8.6,21.7,14.5,91.9,36.2,23.7,11.1,9.2,4.2,"VT",2016
"404",404,"0400000US51",51,"Virginia",4.6,6.7,24.5,19.9,7.4,21.2,15.7,88.6,36.9,22.4,12.1,8.2,3.3,"VA",2016
"405",405,"0400000US53",53,"Washington",3.9,5.5,22.9,24.3,9.8,21.3,12.3,90.6,33.6,23.8,13,10.1,4.4,"WA",2016
"406",406,"0400000US54",54,"West Virginia",4.9,9.7,40.5,18.5,6.8,11.9,7.7,85.3,19.6,29.2,14.9,12.3,4.5,"WV",2016
"407",407,"0400000US55",55,"Wisconsin",3,5.7,31.7,21,10.3,18.7,9.6,91.4,28.4,24.2,11,8.9,3.6,"WI",2016
"408",408,"0400000US56",56,"Wyoming",1.9,5.7,29.2,26.5,10.7,17.2,8.8,92.4,26,19.8,10.7,8.1,4,"WY",2016
"409",409,"0400000US01",1,"Alabama",4.7,10,30.9,21.7,8.2,15.4,9.1,85.3,24.5,30.4,16.4,11.8,4.4,"AL",2017
"410",410,"0400000US02",2,"Alaska",2.7,4.9,27.6,27.3,8.5,18.6,10.4,92.4,29,20.3,12.7,6.3,2.7,"AK",2017
"411",411,"0400000US04",4,"Arizona",5.9,7.6,24.2,25.3,8.6,17.8,10.7,86.5,28.4,29.7,16.5,11,5.4,"AZ",2017
"412",412,"0400000US05",5,"Arkansas",5.2,9.2,34.3,22.6,6.7,14.1,7.9,85.6,22,28.2,16.1,12.3,4.5,"AR",2017
"413",413,"0400000US06",6,"California",9.7,7.8,20.6,21.5,7.8,20.4,12.2,82.5,32.6,24.4,15,10.5,5.2,"CA",2017
"414",414,"0400000US08",8,"Colorado",3.6,5.2,21.6,21.8,8.4,24.8,14.6,91.1,39.4,22.8,11.7,9,4.3,"CO",2017
"415",415,"0400000US09",9,"Connecticut",4.2,5.6,27.2,17,7.6,21.5,17,90.2,38.4,24.1,10.7,7.5,3.4,"CT",2017
"416",416,"0400000US10",10,"Delaware",3.6,7.1,31.2,19.3,7.8,18,12.9,89.3,31,21.8,12.9,8.1,3.4,"DE",2017
"417",417,"0400000US11",11,"District of Columbia",4,5.8,17.6,13,3.1,23.8,32.8,90.3,56.6,33.3,25.2,16.9,5.6,"DC",2017
"418",418,"0400000US12",12,"Florida",5.1,7.3,29,20.4,9.8,18.2,10.3,87.6,28.5,26.9,15.6,10.7,6,"FL",2017
"419",419,"0400000US13",13,"Georgia",5,8.7,28,20.8,7.5,18.6,11.4,86.3,29.9,29.4,16.4,11.4,4.6,"GA",2017
"420",420,"0400000US15",15,"Hawaii",3.8,4.6,27.8,21.4,10.5,21.2,10.8,91.6,32,18.8,12,8.3,4.7,"HI",2017
"421",421,"0400000US16",16,"Idaho",3.7,6.1,27.4,26.6,9.5,18.2,8.5,90.2,26.8,22.2,14,10.5,5.2,"ID",2017
"422",422,"0400000US17",17,"Illinois",5.2,6.3,26.3,20.9,7.9,20.5,13,88.6,33.4,23.4,13.7,10,4.4,"IL",2017
"423",423,"0400000US18",18,"Indiana",3.8,7.9,33.8,20.7,8.5,16.1,9.2,88.3,25.3,25.3,12.2,10.1,4.1,"IN",2017
"424",424,"0400000US19",19,"Iowa",3.2,5,31.5,21.3,11.3,18.7,9,91.8,27.7,22.4,10.7,8.3,3.6,"IA",2017
"425",425,"0400000US20",20,"Kansas",3.7,5.8,26.2,23.6,8.3,20.6,11.7,90.5,32.3,22.8,12.4,9.3,3.5,"KS",2017
"426",426,"0400000US21",21,"Kentucky",6.1,8.7,33.1,20.9,8,13.6,9.6,85.2,23.2,33.1,16.5,12.5,4.5,"KY",2017
"427",427,"0400000US22",22,"Louisiana",5.4,10.3,33.8,21.3,5.8,15.3,8.1,84.3,23.4,32.3,17.2,12.8,5,"LA",2017
"428",428,"0400000US23",23,"Maine",2.8,5.1,32.3,19.5,10,19.3,10.9,92.1,30.3,27.1,14.6,9.6,4.2,"ME",2017
"429",429,"0400000US24",24,"Maryland",4.1,6.1,25.1,19.2,6.5,21,18,89.8,39,20.4,11,7.3,3.2,"MD",2017
"430",430,"0400000US25",25,"Massachusetts",4.6,5.1,24.7,15.8,7.7,23.4,18.7,90.3,42.1,24.9,12,8.7,4.2,"MA",2017
"431",431,"0400000US26",26,"Michigan",3,6.7,29.3,23.6,9.3,17.1,11,90.2,28.1,28.9,14.8,11,4.5,"MI",2017
"432",432,"0400000US27",27,"Minnesota",3,4.2,25.4,21.5,11.1,23,11.8,92.8,34.8,24.6,10.7,7.6,3.1,"MN",2017
"433",433,"0400000US28",28,"Mississippi",5.6,11,30.4,22.6,9.1,13.3,8,83.4,21.3,33,19.6,14.1,5.4,"MS",2017
"434",434,"0400000US29",29,"Missouri",3.4,7.4,30.9,22.4,7.7,17.5,10.7,89.2,28.2,27.6,13.4,10.5,4.2,"MO",2017
"435",435,"0400000US30",30,"Montana",2.1,5,29.3,24.2,8.8,20.6,10.1,93,30.7,23.7,14.1,11.3,5.2,"MT",2017
"436",436,"0400000US31",31,"Nebraska",4.1,5,26.7,23.4,10.2,20.4,10.2,90.9,30.6,23.5,10.8,8.4,3.3,"NE",2017
"437",437,"0400000US32",32,"Nevada",5.9,8.3,28.3,25.8,8.1,15.6,8.1,85.8,23.7,21.4,13.4,9.9,5.8,"NV",2017
"438",438,"0400000US33",33,"New Hampshire",2.2,4.9,28,18.8,10,22.3,13.8,92.8,36,17.5,8.6,6.5,3.1,"NH",2017
"439",439,"0400000US34",34,"New Jersey",5.1,5.7,27.9,16.6,6.5,23.4,14.7,89.2,38.1,22.4,11.5,8,3.5,"NJ",2017
"440",440,"0400000US35",35,"New Mexico",6.5,8.5,26.4,23.5,8.2,15.1,11.8,85,26.9,34,18.9,14.8,6.6,"NM",2017
"441",441,"0400000US36",36,"New York",6.5,7.4,26.3,15.9,8.7,19.9,15.4,86.1,35.3,29,15,10.7,5.2,"NY",2017
"442",442,"0400000US37",37,"North Carolina",4.9,8.2,26.1,21.7,9.3,19.2,10.6,86.9,29.9,29.8,15.4,11.2,4.2,"NC",2017
"443",443,"0400000US38",38,"North Dakota",3.3,4.4,27.1,22.7,13.5,21.1,7.8,92.3,28.9,21.1,10.9,7.5,3.3,"ND",2017
"444",444,"0400000US39",39,"Ohio",2.9,7.3,33.6,20.5,8.5,17,10.2,89.8,27.2,28.2,13.4,11,3.9,"OH",2017
"445",445,"0400000US40",40,"Oklahoma",4.2,8.3,31.5,23.6,7.6,16.6,8.3,87.5,24.8,26.6,15.2,11.1,4.3,"OK",2017
"446",446,"0400000US41",41,"Oregon",3.8,6,23.4,25.8,8.7,20.1,12.2,90.2,32.3,25.1,15.1,11.8,5.8,"OR",2017
"447",447,"0400000US42",42,"Pennsylvania",3.3,6.8,35.6,16.1,8.2,18.3,11.8,89.9,30.1,25.3,12.4,9.2,4,"PA",2017
"448",448,"0400000US44",44,"Rhode Island",5.5,7.2,27.9,18.1,8.3,19.8,13.1,87.3,33,25.1,12.8,9.8,4.1,"RI",2017
"449",449,"0400000US45",45,"South Carolina",4.5,9,29.4,20.8,9.3,17.2,9.8,86.5,27,30,15.5,10.6,4.3,"SC",2017
"450",450,"0400000US46",46,"South Dakota",3.4,5.2,30.5,21.8,11.3,19.5,8.3,91.4,27.8,28.9,12.3,9.6,4.1,"SD",2017
"451",451,"0400000US47",47,"Tennessee",5.1,8.4,32.6,20.9,7,16.5,9.6,86.5,26.1,29.5,15.7,10.5,4.3,"TN",2017
"452",452,"0400000US48",48,"Texas",8.7,8.5,25.1,22.1,6.9,18.8,9.9,82.8,28.7,26.7,14.4,9.6,4.2,"TX",2017
"453",453,"0400000US49",49,"Utah",2.9,5.4,22.8,26.8,9.7,21.5,11,91.8,32.5,19.9,10.5,7.6,4.4,"UT",2017
"454",454,"0400000US50",50,"Vermont",2.6,5.2,29.6,17.4,8.5,21.8,15,92.3,36.8,22.8,11.4,9,4.5,"VT",2017
"455",455,"0400000US51",51,"Virginia",4.5,6.5,24.3,19.7,7.5,21.5,16.1,89,37.6,21.9,11.9,8.2,3.3,"VA",2017
"456",456,"0400000US53",53,"Washington",3.8,5.3,22.5,24,9.9,21.7,12.7,90.8,34.5,23,12.7,9.9,4.3,"WA",2017
"457",457,"0400000US54",54,"West Virginia",4.7,9.4,40.6,18.5,6.9,12,7.9,85.9,19.9,29.2,15.3,12.4,4.6,"WV",2017
"458",458,"0400000US55",55,"Wisconsin",2.8,5.5,31.3,20.9,10.5,19.2,9.9,91.7,29,23.9,10.9,8.6,3.7,"WI",2017
"459",459,"0400000US56",56,"Wyoming",1.8,5.4,28.7,26.4,10.9,17.4,9.3,92.8,26.7,20.7,10.7,7.9,3.9,"WY",2017
